{"cameraMode":{"drawMode":0,"name":"Shaded","section":"Shading Mode"},"sceneLighting":false,"audioPlay":false,"sceneViewState":{"showFog":true,"showMaterialUpdate":false,"showSkybox":true,"showFlares":true,"showImageEffects":true,"showParticleSystems":true},"in2DMode":false,"pivot":{"x":-0.4135582149028778,"y":-0.3971133232116699,"z":1.4611886739730836},"rotation":{"x":-0.19425427913665772,"y":-0.6853058338165283,"z":0.19766688346862794,"w":-0.6734991669654846},"size":7.185004711151123,"orthographic":false}