{"cameraMode":{"drawMode":0,"name":"Shaded","section":"Shading Mode"},"sceneLighting":false,"audioPlay":false,"sceneViewState":{"showFog":true,"showMaterialUpdate":false,"showSkybox":false,"showFlares":true,"showImageEffects":true,"showParticleSystems":true},"in2DMode":false,"pivot":{"x":-1.4711170196533204,"y":4.173861503601074,"z":0.38304710388183596},"rotation":{"x":0.016029398888349534,"y":0.6628638505935669,"z":-0.014043319039046765,"w":0.7485863566398621},"size":10.417547225952149,"orthographic":false}