{"cameraMode":{"drawMode":0,"name":"Shaded","section":"Shading Mode"},"sceneLighting":false,"audioPlay":false,"sceneViewState":{"showFog":true,"showMaterialUpdate":false,"showSkybox":true,"showFlares":true,"showImageEffects":true,"showParticleSystems":true},"in2DMode":false,"pivot":{"x":45.99671936035156,"y":4.801025390625,"z":12.816506385803223},"rotation":{"x":0.05185733735561371,"y":-0.3669110834598541,"z":0.020566090941429139,"w":0.9286943674087524},"size":24.67483901977539,"orthographic":false}