{"cameraMode":{"drawMode":0,"name":"Shaded","section":"Shading Mode"},"sceneLighting":false,"audioPlay":false,"sceneViewState":{"showFog":true,"showMaterialUpdate":false,"showSkybox":false,"showFlares":true,"showImageEffects":true,"showParticleSystems":true},"in2DMode":false,"pivot":{"x":-5.26220178604126,"y":3.2026305198669435,"z":-3.099238395690918},"rotation":{"x":0.08901498466730118,"y":0.23986543715000153,"z":-0.02199108526110649,"w":0.9665811061859131},"size":6.653097152709961,"orthographic":false}