{"cameraMode":{"drawMode":0,"name":"Shaded","section":"Shading Mode"},"sceneLighting":false,"audioPlay":false,"sceneViewState":{"showFog":true,"showMaterialUpdate":false,"showSkybox":false,"showFlares":true,"showImageEffects":true,"showParticleSystems":true},"in2DMode":false,"pivot":{"x":30.504131317138673,"y":3.000002384185791,"z":7.957578659057617},"rotation":{"x":0.1652812659740448,"y":0.5244928002357483,"z":-0.1045154333114624,"w":0.8287312984466553},"size":15.984402656555176,"orthographic":false}