{"cameraMode":{"drawMode":2,"name":"Shaded Wireframe","section":"Shading Mode"},"sceneLighting":false,"audioPlay":false,"sceneViewState":{"showFog":true,"showMaterialUpdate":false,"showSkybox":false,"showFlares":true,"showImageEffects":true,"showParticleSystems":true},"in2DMode":false,"pivot":{"x":1.5542421340942383,"y":0.9950046539306641,"z":0.1614077091217041},"rotation":{"x":0.1234094500541687,"y":-0.459743857383728,"z":0.06476370245218277,"w":0.8771758675575256},"size":11.271342277526856,"orthographic":false}