{"cameraMode":{"drawMode":0,"name":"Shaded","section":"Shading Mode"},"sceneLighting":false,"audioPlay":false,"sceneViewState":{"showFog":true,"showMaterialUpdate":false,"showSkybox":false,"showFlares":true,"showImageEffects":true,"showParticleSystems":true},"in2DMode":false,"pivot":{"x":-3.952023506164551,"y":3.0262134075164797,"z":3.0535755157470705},"rotation":{"x":0.10402144491672516,"y":0.6103655099868774,"z":-0.08116257190704346,"w":0.7811958193778992},"size":9.616053581237793,"orthographic":false}