{"cameraMode":{"drawMode":0,"name":"Shaded","section":"Shading Mode"},"sceneLighting":false,"audioPlay":false,"sceneViewState":{"showFog":true,"showMaterialUpdate":false,"showSkybox":false,"showFlares":true,"showImageEffects":true,"showParticleSystems":true},"in2DMode":false,"pivot":{"x":-2.6925153732299806,"y":3.0262136459350588,"z":1.248946189880371},"rotation":{"x":0.02151334099471569,"y":0.3369597792625427,"z":-0.007582975551486015,"w":0.9413626194000244},"size":10.336904525756836,"orthographic":false}