{"cameraMode":{"drawMode":1,"name":"Wireframe","section":"Shading Mode"},"sceneLighting":false,"audioPlay":false,"sceneViewState":{"showFog":true,"showMaterialUpdate":false,"showSkybox":false,"showFlares":true,"showImageEffects":true,"showParticleSystems":true},"in2DMode":false,"pivot":{"x":1.5542421340942383,"y":0.9950046539306641,"z":0.1614077091217041},"rotation":{"x":-0.05567007511854172,"y":-0.940004825592041,"z":0.18593765795230866,"w":-0.2809726893901825},"size":8.316150665283204,"orthographic":false}