{"cameraMode":{"drawMode":0,"name":"Shaded","section":"Shading Mode"},"sceneLighting":false,"audioPlay":false,"sceneViewState":{"showFog":true,"showMaterialUpdate":false,"showSkybox":true,"showFlares":true,"showImageEffects":true,"showParticleSystems":true},"in2DMode":false,"pivot":{"x":27.890411376953126,"y":81.50917053222656,"z":21.943748474121095},"rotation":{"x":-0.12165839225053787,"y":-0.7495668530464172,"z":0.14358758926391602,"w":-0.6347458958625794},"size":255.82310485839845,"orthographic":false}