{"cameraMode":{"drawMode":0,"name":"Shaded","section":"Shading Mode"},"sceneLighting":false,"audioPlay":false,"sceneViewState":{"showFog":true,"showMaterialUpdate":false,"showSkybox":true,"showFlares":true,"showImageEffects":true,"showParticleSystems":true},"in2DMode":false,"pivot":{"x":-19.061662673950197,"y":72.58300018310547,"z":-265.14373779296877},"rotation":{"x":0.026941291987895967,"y":0.9123621582984924,"z":-0.06054355576634407,"w":0.4042152166366577},"size":26.52467155456543,"orthographic":false}