{"cameraMode":{"drawMode":0,"name":"Shaded","section":"Shading Mode"},"sceneLighting":false,"audioPlay":false,"sceneViewState":{"showFog":true,"showMaterialUpdate":false,"showSkybox":true,"showFlares":true,"showImageEffects":true,"showParticleSystems":true},"in2DMode":false,"pivot":{"x":3.6300010681152345,"y":1.0262137651443482,"z":-16.030000686645509},"rotation":{"x":-0.1502179205417633,"y":-0.5203976631164551,"z":0.0935523733496666,"w":-0.835425078868866},"size":16.91672134399414,"orthographic":false}