{"cameraMode":{"drawMode":2,"name":"Shaded Wireframe","section":"Shading Mode"},"sceneLighting":false,"audioPlay":false,"sceneViewState":{"showFog":true,"showMaterialUpdate":false,"showSkybox":false,"showFlares":true,"showImageEffects":true,"showParticleSystems":true},"in2DMode":false,"pivot":{"x":-0.03335380554199219,"y":3.0262131690979006,"z":0.0},"rotation":{"x":-0.08126614987850189,"y":-0.31801530718803408,"z":0.027254151180386545,"w":-0.9443240165710449},"size":14.479924201965332,"orthographic":false}