{"cameraMode":{"drawMode":0,"name":"Shaded","section":"Shading Mode"},"sceneLighting":true,"audioPlay":false,"sceneViewState":{"showFog":true,"showMaterialUpdate":false,"showSkybox":false,"showFlares":true,"showImageEffects":true,"showParticleSystems":true},"in2DMode":false,"pivot":{"x":0.0030372142791748049,"y":0.9807190895080566,"z":1.0089712142944337},"rotation":{"x":0.08722135424613953,"y":0.8669763207435608,"z":-0.16341853141784669,"w":0.4627077281475067},"size":11.743549346923829,"orthographic":false}