{"cameraMode":{"drawMode":0,"name":"Shaded","section":"Shading Mode"},"sceneLighting":false,"audioPlay":false,"sceneViewState":{"showFog":true,"showMaterialUpdate":false,"showSkybox":false,"showFlares":true,"showImageEffects":true,"showParticleSystems":true},"in2DMode":false,"pivot":{"x":4.314028739929199,"y":-3.9004411697387697,"z":0.22106504440307618},"rotation":{"x":0.29761847853660586,"y":-0.6183762550354004,"z":0.27315032482147219,"w":0.6742364168167114},"size":9.12024974822998,"orthographic":false}