{"cameraMode":{"drawMode":0,"name":"Shaded","section":"Shading Mode"},"sceneLighting":false,"audioPlay":false,"sceneViewState":{"showFog":true,"showMaterialUpdate":false,"showSkybox":true,"showFlares":true,"showImageEffects":true,"showParticleSystems":true},"in2DMode":false,"pivot":{"x":-564.2640991210938,"y":-209.54417419433595,"z":-1370.0},"rotation":{"x":0.24351008236408235,"y":0.382558137178421,"z":-0.10525868833065033,"w":0.885028064250946},"size":2.8856632709503176,"orthographic":false}