{"cameraMode":{"drawMode":0,"name":"Shaded","section":"Shading Mode"},"sceneLighting":false,"audioPlay":false,"sceneViewState":{"showFog":true,"showMaterialUpdate":false,"showSkybox":false,"showFlares":true,"showImageEffects":true,"showParticleSystems":true},"in2DMode":false,"pivot":{"x":0.15666580200195313,"y":3.0262136459350588,"z":0.11164665222167969},"rotation":{"x":-0.035647809505462649,"y":-0.9614496231079102,"z":0.22797028720378877,"w":-0.15038537979125977},"size":12.958846092224121,"orthographic":false}