{"cameraMode":{"drawMode":0,"name":"Shaded","section":"Shading Mode"},"sceneLighting":false,"audioPlay":false,"sceneViewState":{"showFog":true,"showMaterialUpdate":false,"showSkybox":false,"showFlares":true,"showImageEffects":true,"showParticleSystems":true},"in2DMode":false,"pivot":{"x":11.423295974731446,"y":0.5499999523162842,"z":-28.245311737060548},"rotation":{"x":-0.10740508139133454,"y":0.08399958908557892,"z":-0.00910932570695877,"w":-0.9906231760978699},"size":1.3856403827667237,"orthographic":false}