{"cameraMode":{"drawMode":0,"name":"Shaded","section":"Shading Mode"},"sceneLighting":false,"audioPlay":false,"sceneViewState":{"showFog":true,"showMaterialUpdate":false,"showSkybox":false,"showFlares":true,"showImageEffects":true,"showParticleSystems":true},"in2DMode":false,"pivot":{"x":-0.7073602676391602,"y":3.0262136459350588,"z":2.1037731170654299},"rotation":{"x":-0.15698286890983582,"y":0.4339238703250885,"z":-0.07717109471559525,"w":-0.8839339017868042},"size":18.344654083251954,"orthographic":false}