{"cameraMode":{"drawMode":0,"name":"Shaded","section":"Shading Mode"},"sceneLighting":false,"audioPlay":false,"sceneViewState":{"showFog":true,"showMaterialUpdate":false,"showSkybox":true,"showFlares":true,"showImageEffects":true,"showParticleSystems":true},"in2DMode":false,"pivot":{"x":572.692138671875,"y":430.936767578125,"z":-22.044219970703126},"rotation":{"x":-0.0023986452724784614,"y":-0.011094783432781697,"z":0.0000071625167947786398,"w":-0.9999695420265198},"size":411.2791748046875,"orthographic":false}