{"cameraMode":{"drawMode":0,"name":"Shaded","section":"Shading Mode"},"sceneLighting":false,"audioPlay":false,"sceneViewState":{"showFog":true,"showMaterialUpdate":false,"showSkybox":false,"showFlares":true,"showImageEffects":true,"showParticleSystems":true},"in2DMode":false,"pivot":{"x":-6.247983932495117,"y":3.6143410205841066,"z":-2.4913196563720705},"rotation":{"x":0.01035094354301691,"y":0.9791533946990967,"z":-0.19676165282726289,"w":0.05151073634624481},"size":10.797947883605957,"orthographic":false}