{"cameraMode":{"drawMode":0,"name":"Shaded","section":"Shading Mode"},"sceneLighting":false,"audioPlay":false,"sceneViewState":{"showFog":true,"showMaterialUpdate":false,"showSkybox":false,"showFlares":true,"showImageEffects":true,"showParticleSystems":true},"in2DMode":false,"pivot":{"x":-3.884035110473633,"y":2.8579626083374025,"z":-2.086174964904785},"rotation":{"x":-0.037610720843076709,"y":-0.8023788332939148,"z":0.050882820039987567,"w":-0.5936335921287537},"size":14.516878128051758,"orthographic":false}