{"cameraMode":{"drawMode":2,"name":"Shaded Wireframe","section":"Shading Mode"},"sceneLighting":false,"audioPlay":false,"sceneViewState":{"showFog":true,"showMaterialUpdate":false,"showSkybox":false,"showFlares":true,"showImageEffects":true,"showParticleSystems":true},"in2DMode":false,"pivot":{"x":0.43943023681640627,"y":0.38338327407836916,"z":-3.2011070251464845},"rotation":{"x":-0.13145749270915986,"y":-0.5163435935974121,"z":0.08061819523572922,"w":-0.8425114750862122},"size":10.0,"orthographic":false}