{"cameraMode":{"drawMode":0,"name":"Shaded","section":"Shading Mode"},"sceneLighting":false,"audioPlay":false,"sceneViewState":{"showFog":true,"showMaterialUpdate":false,"showSkybox":true,"showFlares":true,"showImageEffects":true,"showParticleSystems":true},"in2DMode":false,"pivot":{"x":7.365677356719971,"y":7.944402694702148,"z":16.594654083251954},"rotation":{"x":0.13159959018230439,"y":0.07156021893024445,"z":-0.009443946182727814,"w":0.9887782335281372},"size":36.52079391479492,"orthographic":false}