{"cameraMode":{"drawMode":0,"name":"Shaded","section":"Shading Mode"},"sceneLighting":false,"audioPlay":false,"sceneViewState":{"showFog":true,"showMaterialUpdate":false,"showSkybox":false,"showFlares":true,"showImageEffects":true,"showParticleSystems":true},"in2DMode":false,"pivot":{"x":-2.043302536010742,"y":4.731282711029053,"z":-0.5823383331298828},"rotation":{"x":0.005986994132399559,"y":0.9940558075904846,"z":-0.08550471067428589,"w":0.06875220686197281},"size":17.135520935058595,"orthographic":false}