{"cameraMode":{"drawMode":0,"name":"Shaded","section":"Shading Mode"},"sceneLighting":false,"audioPlay":false,"sceneViewState":{"showFog":true,"showMaterialUpdate":false,"showSkybox":false,"showFlares":true,"showImageEffects":true,"showParticleSystems":true},"in2DMode":false,"pivot":{"x":1.1497020721435547,"y":-10.288026809692383,"z":5.2691497802734379},"rotation":{"x":-0.009992556646466256,"y":-0.9818711280822754,"z":0.18202687799930573,"w":-0.053706638514995578},"size":26.524675369262697,"orthographic":false}