{"cameraMode":{"drawMode":0,"name":"Shaded","section":"Shading Mode"},"sceneLighting":false,"audioPlay":false,"sceneViewState":{"showFog":true,"showMaterialUpdate":false,"showSkybox":false,"showFlares":true,"showImageEffects":true,"showParticleSystems":true},"in2DMode":false,"pivot":{"x":3.549335479736328,"y":-5.299098014831543,"z":5.556142807006836},"rotation":{"x":0.29761847853660586,"y":-0.6183762550354004,"z":0.27315032482147219,"w":0.6742364168167114},"size":12.076656341552735,"orthographic":false}