{"cameraMode":{"drawMode":0,"name":"Shaded","section":"Shading Mode"},"sceneLighting":false,"audioPlay":false,"sceneViewState":{"showFog":true,"showMaterialUpdate":false,"showSkybox":false,"showFlares":true,"showImageEffects":true,"showParticleSystems":true},"in2DMode":false,"pivot":{"x":0.15666580200195313,"y":3.0262136459350588,"z":0.11164665222167969},"rotation":{"x":0.0007180712418630719,"y":-0.998238742351532,"z":0.06027647480368614,"w":0.011322775855660439},"size":12.958846092224121,"orthographic":false}